,city_name,temperature,humidity,cloudiness,wind_speed,long,lati,country
0,Mt. Pleasant,68.0,95,0,1.99,-79.8626,32.7941,US
1,Kalispell,45.28,76,100,5.99,-114.3129,48.1958,US
2,Uvat,31.5,69,91,7.36,68.8953,59.1433,RU
3,Bredasdorp,53.47,72,66,5.28,20.0403,-34.5322,ZA
4,Karratha,89.47,31,5,14.72,116.8463,-20.7377,AU
5,College,53.55,30,75,4.61,-147.8028,64.8569,US
6,Busselton,71.73,45,38,9.19,115.3333,-33.65,AU
7,Castro,62.67,90,100,1.74,-50.0119,-24.7911,BR
8,Khorixas,63.99,51,1,2.82,14.9667,-20.3667,NA
9,Tiksi,9.68,89,100,4.07,128.8694,71.6872,RU
10,Norman Wells,36.73,91,35,7.92,-126.8329,65.282,CA
11,Alofi,79.86,72,28,6.64,-169.9187,-19.0595,NU
12,Puerto Ayora,71.92,91,70,5.97,-90.3518,-0.7393,EC
13,Airai,75.22,43,18,3.38,125.4092,-8.9266,TL
14,Cherskiy,22.19,77,100,3.33,161.3,68.75,RU
15,Hermanus,56.28,67,18,2.8,19.2345,-34.4187,ZA
16,Nikolskoye,37.87,83,100,9.08,30.7861,59.7035,RU
17,Livingston,44.47,90,40,11.5,-3.5226,55.9029,GB
18,Mar del Plata,60.87,78,75,11.5,-57.5575,-38.0023,AR
19,Kapaa,78.78,82,100,16.11,-159.319,22.0752,US
20,Dalnerechensk,56.77,37,69,18.3,133.7225,45.9339,RU
21,Ranong,88.02,61,63,1.52,98.6348,9.9658,TH
22,Noumea,77.0,99,99,16.98,166.4572,-22.2763,NC
23,Santa Ana,71.56,50,0,5.75,-117.8678,33.7456,US
24,Sesheke,64.42,66,67,3.0,24.2968,-17.4759,ZM
25,Loukhi,30.78,96,97,3.96,33.0381,66.0764,RU
26,Mataura,53.47,90,97,8.99,168.8643,-46.1927,NZ
27,Fort Nelson,36.21,100,91,2.35,-122.7002,58.8053,CA
28,St. George's,77.11,76,12,11.74,-61.7485,12.0564,GD
29,São José do Belmonte,70.9,85,100,3.36,-38.7597,-7.8614,BR
30,Minyar,43.97,64,52,1.57,57.5485,55.0709,RU
31,Albany,48.63,57,100,2.01,-73.9662,42.6001,US
32,Port Alfred,58.17,96,23,10.38,26.891,-33.5906,ZA
33,Rawson,56.39,41,0,19.6,-65.1023,-43.3002,AR
34,Barrow,15.82,86,100,5.75,-156.7887,71.2906,US
35,Umluj,74.7,79,0,2.37,37.2685,25.0213,SA
36,Caravelas,76.41,95,11,5.44,-39.2481,-17.7125,BR
37,Khilok,37.04,22,0,14.45,110.4676,51.3674,RU
38,Kallaste,39.43,91,97,17.11,27.1592,58.655,EE
39,Milagro,50.67,68,99,14.9,-1.764,42.2386,ES
40,Marzuq,68.9,45,44,5.03,46.4667,14.4,YE
41,Tazmalt,52.88,62,6,1.41,4.3989,36.3868,DZ
42,Hobart,65.23,55,20,5.75,147.3294,-42.8794,AU
43,Jhol,93.52,20,60,2.48,68.8882,25.9551,PK
44,Vila Velha,78.94,86,0,13.8,-40.2925,-20.3297,BR
45,Ushuaia,40.66,81,40,10.36,-68.3,-54.8,AR
46,Hilo,79.29,81,100,9.22,-155.09,19.7297,US
47,Honmachi,64.8,96,100,3.09,130.6,32.5,JP
48,Dikson,3.22,95,99,13.44,80.5464,73.5069,RU
49,Port Hardy,45.91,87,100,14.45,-127.4199,50.6996,CA
50,Atuona,79.45,77,60,16.69,-139.0333,-9.8,PF
51,Punta Arenas,42.91,93,75,1.14,-70.9167,-53.15,CL
52,Angoche,74.98,92,100,16.69,39.9086,-16.2325,MZ
53,George Town,85.95,74,40,4.61,100.3354,5.4112,MY
54,Saskylakh,8.98,88,17,4.56,114.0833,71.9167,RU
55,Bluff,53.8,63,92,24.2,168.3333,-46.6,NZ
56,Kokstad,51.12,96,12,3.78,29.4241,-30.5472,ZA
57,Chokurdakh,4.96,89,78,2.84,147.9167,70.6333,RU
58,Aitape,85.86,67,77,7.31,142.3475,-3.1374,PG
59,Tuatapere,50.54,76,100,12.84,167.6833,-46.1333,NZ
60,Jamestown,67.64,56,0,6.91,-79.2353,42.097,US
61,Pa Daet,96.19,42,15,3.85,99.9924,19.5049,TH
62,Newport,49.77,79,100,5.99,-2.9984,51.5877,GB
63,Santa Maria,52.61,80,0,3.94,-53.8069,-29.6842,BR
64,Eyl,81.9,73,31,6.64,49.8164,7.9803,SO
65,Qaqortoq,35.89,99,100,4.07,-46.0333,60.7167,GL
66,Nabire,87.08,61,98,4.38,135.4833,-3.3667,ID
67,Tasiilaq,32.16,88,92,7.85,-37.6368,65.6145,GL
68,Torbay,33.76,93,100,10.0,-52.7314,47.6666,CA
69,Rikitea,75.18,79,100,16.15,-134.9692,-23.1203,PF
70,Cape Town,58.91,72,1,4.0,18.4232,-33.9258,ZA
71,Poronaysk,33.33,95,100,15.23,143.1167,49.2167,RU
72,Butaritari,81.43,78,60,12.62,172.7902,3.0707,KI
73,Ribeira Grande,58.44,69,44,19.8,-28.7,38.5167,PT
74,Bethel,54.43,69,75,3.44,-73.414,41.3712,US
75,Hithadhoo,84.56,72,100,4.72,73.0833,-0.6,MV
76,Iralaya,77.9,84,13,10.07,-83.2333,15.0,HN
77,Aden,82.08,83,0,17.58,45.0367,12.7794,YE
78,Iskateley,11.41,94,100,5.99,53.1512,67.6803,RU
79,Provideniya,33.62,63,95,2.37,-173.3,64.3833,RU
80,Vestmannaeyjar,45.54,88,100,6.44,-20.2734,63.4427,IS
81,Tumaco,76.08,88,19,3.06,-78.8156,1.7986,CO
82,Nacala,73.85,96,100,6.31,40.6728,-14.5428,MZ
83,Khatanga,10.18,91,96,5.86,102.5,71.9667,RU
84,Paignton,51.73,69,100,8.01,-3.5679,50.4357,GB
85,Oromocto,35.71,46,3,10.0,-66.4792,45.8351,CA
86,Hamilton,72.45,64,0,5.75,-84.5333,39.1834,US
87,Masuguru,71.83,98,97,2.15,38.4167,-11.3667,TZ
88,Waipawa,61.63,53,62,6.42,175.5153,-41.4122,NZ
89,Sangar,26.53,88,99,4.12,127.4739,63.9242,RU
90,Saint George,63.63,19,0,16.11,-113.5841,37.1041,US
91,Dodoma,64.08,98,100,3.24,35.7395,-6.1722,TZ
92,Gushikawa,81.63,63,100,12.66,127.8686,26.3544,JP
93,Mackay,79.68,75,46,22.19,149.2,-21.15,AU
94,Upernavik,-1.61,97,61,6.8,-56.1549,72.7868,GL
95,Port Blair,87.84,70,20,9.22,92.75,11.6667,IN
96,Basco,82.29,78,95,14.5,121.9702,20.4487,PH
97,Geraldton,81.01,32,7,11.5,114.6,-28.7667,AU
98,Hualmay,67.24,87,13,7.38,-77.6139,-11.0964,PE
99,Sfântu Gheorghe,49.26,93,51,1.03,25.7833,45.8667,RO
100,Castlebar,48.58,93,0,6.35,-9.3,53.85,IE
101,Gandu,69.84,100,43,1.07,-39.4867,-13.7439,BR
102,Mandeville,66.63,92,100,3.04,-77.5071,18.0417,JM
103,Asha,44.35,64,58,1.68,57.2722,54.9973,RU
104,Pevek,17.78,89,99,1.95,170.3133,69.7008,RU
105,Carnarvon,86.07,39,0,4.61,113.6333,-24.8667,AU
106,Kuching,84.42,79,20,2.3,110.3333,1.55,MY
107,Turukhansk,15.6,86,94,7.09,87.9833,65.8167,RU
108,Yellowknife,26.47,80,11,11.97,-114.3525,62.456,CA
109,Skibbereen,54.1,85,57,10.98,-9.2667,51.55,IE
110,Ust-Tsilma,31.62,96,100,0.18,52.1498,65.441,RU
111,Grindavik,43.27,81,75,1.14,-22.4338,63.8424,IS
112,Jaqué,78.39,82,43,1.3,-78.1703,7.5175,PA
113,Husavik,43.05,77,85,4.56,-17.3389,66.0449,IS
114,Aklavik,31.53,94,89,7.76,-135.0107,68.2191,CA
115,Tari,86.34,30,68,4.99,4.4914,12.4086,NG
116,Mahibadhoo,84.34,70,100,3.09,72.9667,3.7833,MV
117,Lerwick,44.6,75,95,14.34,-1.1494,60.1545,GB
118,Puerto Baquerizo Moreno,71.38,91,88,7.61,-89.6,-0.9,EC
119,Borkenes,34.99,98,25,10.0,16.1739,68.774,NO
120,Thompson,33.87,92,100,14.09,-97.8558,55.7435,CA
121,Shellbrook,34.3,87,97,7.31,-106.4011,53.2168,CA
122,Naushahro Firoz,94.71,22,50,7.34,68.123,26.8424,PK
123,Zlobin,47.16,93,40,13.8,14.6541,45.2924,HR
124,Santa Rosa,91.09,65,6,10.56,121.1114,14.3122,PH
125,Lompoc,61.57,77,0,30.0,-120.4579,34.6391,US
126,Kizema,33.76,93,100,3.42,44.8302,61.113,RU
127,Okhotsk,31.46,86,7,5.93,143.3,59.3833,RU
128,Charters Towers,77.97,61,100,16.71,146.2667,-20.1,AU
129,Tateyama,61.29,88,100,8.79,139.8667,34.9833,JP
130,Vaini,82.56,74,40,4.61,-175.2,-21.2,TO
131,Smidovich,49.12,57,99,27.56,133.8167,48.6,RU
132,Mikuni,65.95,66,100,4.79,136.1519,36.2171,JP
133,Coquimbo,56.93,100,100,5.75,-71.3436,-29.9533,CL
134,Salalah,80.78,79,30,5.84,54.0924,17.0151,OM
135,Te Anau,54.16,67,100,4.7,167.7167,-45.4167,NZ
136,Port Elizabeth,60.31,96,10,11.01,25.5701,-33.918,ZA
137,Turaif,61.9,63,12,10.65,38.6637,31.6725,SA
138,Qaanaaq,-4.79,77,29,6.78,-69.3632,77.484,GL
139,Ilulissat,26.62,93,20,3.44,-51.1,69.2167,GL
140,Mehamn,38.64,96,100,19.24,27.8492,71.0357,NO
141,Antibes,51.28,90,75,10.36,7.1278,43.5624,FR
142,Cidreira,58.41,73,0,6.69,-50.2056,-30.1811,BR
143,Bekhteyevka,47.3,79,100,8.68,37.2085,50.8072,RU
144,East London,62.1,89,81,8.59,27.9116,-33.0153,ZA
145,Safaga,73.17,42,0,5.64,33.9365,26.7292,EG
146,Benghazi,60.71,81,0,13.58,20.0667,32.1167,LY
147,Price,43.12,42,0,13.8,-110.8107,39.5994,US
148,Wiang Sa,87.85,65,96,1.83,99.3666,8.6359,TH
149,Codrington,64.94,53,4,10.89,141.9667,-38.2667,AU
150,Iqaluit,-1.35,91,22,3.04,-68.5145,63.7506,CA
151,San Cristobal,67.26,97,100,2.73,-72.225,7.7669,VE
152,Baykit,35.55,73,54,1.23,96.37,61.67,RU
153,Labuhan,84.4,74,100,3.2,112.2051,-6.8844,ID
154,Bereda,45.41,92,100,4.72,-7.5406,43.2686,ES
155,Nioro,81.43,30,0,1.23,-15.75,13.35,GM
156,Saldanha,56.8,73,2,9.73,17.9442,-33.0117,ZA
157,Fortuna,52.66,86,4,4.45,-124.1573,40.5982,US
158,Salaga,79.45,69,82,7.45,-0.5188,8.5508,GH
159,Pochutla,79.83,70,2,4.45,-96.4661,15.7432,MX
160,Majene,86.0,68,28,7.11,118.9707,-3.5403,ID
161,Kaitangata,51.57,76,88,12.93,169.8464,-46.2817,NZ
162,Kattivākkam,89.69,80,100,5.64,80.3167,13.2167,IN
163,Inhambane,71.73,85,0,1.97,35.3833,-23.865,MZ
164,Mbaïki,69.96,97,99,4.27,17.9892,3.8678,CF
165,Payo,73.81,98,100,1.52,103.6372,-3.7508,ID
166,Hede,79.18,52,37,11.01,120.2517,33.7681,CN
167,Arraial do Cabo,77.99,81,2,12.19,-42.0278,-22.9661,BR
168,Margate,52.7,82,100,4.0,1.3862,51.3813,GB
169,Tuktoyaktuk,25.74,93,17,5.44,-133.0374,69.4541,CA
170,Alice Springs,72.95,32,100,10.36,133.8833,-23.7,AU
171,Sulangan,82.65,76,95,6.15,123.7228,11.1373,PH
172,Forsytheganj,38.66,95,37,5.53,29.7333,52.6333,BY
173,Severo-Kuril'sk,35.67,99,100,3.71,156.125,50.6789,RU
174,Coyhaique,41.61,93,100,0.0,-72.0662,-45.5752,CL
175,Ahipara,64.96,67,99,14.9,173.1667,-35.1667,NZ
176,Padang,84.25,65,82,2.57,100.3543,-0.9492,ID
177,Hambantota,82.62,75,37,2.62,81.1185,6.1241,LK
178,Harper,80.22,82,99,4.34,-7.7169,4.375,LR
179,Barcelos,51.91,87,77,4.54,-8.6151,41.5388,PT
180,Souillac,74.62,68,85,13.51,57.5167,-20.5167,MU
181,Payson,47.37,46,1,4.0,-111.7321,40.0444,US
182,Chui,52.79,71,0,7.83,-53.4616,-33.6971,UY
183,Churapcha,34.03,58,36,2.86,132.4325,62.0025,RU
184,Alora,55.49,84,1,3.15,-4.7058,36.8236,ES
185,Port Said,65.37,77,3,8.01,32.2841,31.2565,EG
186,Sumkino,33.62,54,98,5.82,68.3244,58.1108,RU
187,Villazón,47.46,14,38,1.81,-65.5942,-22.0866,BO
188,Esim,79.57,88,100,5.39,-2.2405,4.8699,GH
189,Delmas 73,72.32,88,99,8.05,-72.3028,18.5447,HT
190,Saint Paul Harbor,42.31,87,100,18.41,-152.4072,57.79,US
191,Road Town,75.29,69,98,16.6,-64.6167,18.4167,VG
192,Ialibu,63.09,92,94,1.48,143.9935,-6.2821,PG
193,Lexington,73.29,56,0,6.91,-84.4777,37.9887,US
194,Vostok,44.04,74,94,16.13,135.8833,46.4856,RU
195,Kirakira,85.68,65,57,4.68,161.9205,-10.4544,SB
196,Novomichurinsk,45.57,77,93,5.91,39.7479,54.0384,RU
197,New Norfolk,64.89,43,22,1.68,147.0587,-42.7826,AU
198,Tomohon,79.74,60,42,2.73,124.8392,1.3346,ID
199,Departamento de Maldonado,61.23,68,0,10.16,-54.9167,-34.6667,UY
200,Cockburn Town,77.23,74,100,19.42,-71.1419,21.4612,TC
201,Colares,54.34,77,10,5.99,-9.4469,38.7992,PT
202,Tafo,73.09,97,99,3.02,-1.6127,6.7345,GH
203,Deoband,90.66,13,0,9.06,77.6833,29.7,IN
204,Saint-Philippe,71.22,79,72,11.7,55.7679,-21.3585,RE
205,Tual,83.7,70,83,4.56,132.75,-5.6667,ID
206,Ballina,71.02,76,28,14.7,153.5667,-28.8667,AU
207,Arys,69.12,56,100,11.36,68.795,42.4252,KZ
208,Chimbote,66.88,88,90,6.06,-78.5783,-9.0853,PE
209,Nador,57.45,77,0,6.91,-2.9287,35.174,MA
210,Avarua,80.65,78,73,10.36,-159.775,-21.2078,CK
211,Nemuro,42.82,71,4,21.32,145.575,43.3236,JP
212,Aberystwyth,46.71,80,12,17.56,-4.0829,52.4155,GB
213,Centerville,71.58,65,0,6.91,-84.1594,39.6284,US
214,Mpika,59.47,99,77,5.06,31.4529,-11.8343,ZM
215,Omboué,77.32,90,100,3.22,9.2618,-1.5746,GA
216,North Bend,54.16,91,0,8.05,-124.2243,43.4065,US
217,Sandakan,86.09,68,60,2.75,118.1179,5.8402,MY
218,Le Port,73.36,62,85,8.19,55.2919,-20.9373,RE
219,Bendigo,72.86,46,0,1.01,144.2833,-36.7667,AU
220,Madison,70.57,67,0,4.61,-86.5667,34.7334,US
221,Letterkenny,40.69,92,0,5.12,-7.7333,54.95,IE
222,Nicoya,79.14,79,3,2.89,-85.452,10.1483,CR
223,Los Llanos de Aridane,56.95,80,75,8.05,-17.9182,28.6585,ES
224,Gafanha da Encarnação,48.06,80,21,8.08,-8.733,40.6181,PT
225,Vao,74.8,70,90,22.39,167.4833,-22.6667,NC
226,Takoradze,79.38,89,99,6.22,-1.7554,4.8845,GH
227,Tarko-Sale,6.3,90,80,7.96,77.785,64.9225,RU
228,Clyde River,-3.77,71,75,6.91,-68.5914,70.4692,CA
229,California City,63.95,40,0,11.01,-117.9859,35.1258,US
230,Bilma,84.88,11,6,5.5,12.9164,18.6853,NE
231,Luján,58.05,86,95,13.67,-59.105,-34.5703,AR
232,Vila Franca do Campo,57.61,74,22,13.06,-25.4333,37.7167,PT
233,Venezuela,83.71,49,53,18.48,-66.0,8.0,VE
234,Bud,73.42,54,29,13.24,-86.1758,39.447,US
235,Acapulco de Juárez,80.42,78,40,6.91,-99.8901,16.8634,MX
236,Narsaq,37.62,98,100,3.76,-46.05,60.9167,GL
237,Lunsar,76.84,81,100,2.17,-12.5333,8.6833,SL
238,Kudahuvadhoo,84.38,69,100,2.66,72.8944,2.6708,MV
239,Mossamedes,68.95,84,33,6.38,12.1522,-15.1961,AO
240,Sungai Penuh,73.33,80,96,0.47,101.3833,-2.0833,ID
241,Zapolyarnyy,34.88,99,100,13.11,30.8136,69.4154,RU
242,Hobyo,83.79,70,67,9.93,48.5268,5.3505,SO
243,San-Pédro,78.35,91,90,3.76,-6.6363,4.7485,CI
244,Longyearbyen,17.44,62,20,20.71,15.6401,78.2186,SJ
245,San Luis,60.6,65,0,10.69,-66.3356,-33.295,AR
246,Batagay-Alyta,15.62,78,99,3.36,130.4114,67.8006,RU
247,Saint-Augustin,32.88,98,100,15.32,-58.6502,51.226,CA
248,Bambous Virieux,76.21,73,40,13.8,57.7575,-20.3428,MU
249,San Patricio,76.86,74,97,16.17,-97.5169,28.017,US
250,Lüderitz,53.82,76,5,23.82,15.1594,-26.6481,NA
251,Posse,71.24,62,45,3.24,-46.3694,-14.0931,BR
252,Mahuta,67.78,98,85,1.48,39.45,-10.8667,TZ
253,Mindelo,69.35,83,40,10.36,-24.9804,16.8901,CV
254,Itarema,73.53,95,100,9.71,-39.9167,-2.9248,BR
255,Huoqiu,82.36,50,24,7.45,116.2694,32.3394,CN
256,Cabo San Lucas,73.71,74,0,0.0,-109.9124,22.8909,MX
257,Ostrovnoy,31.77,92,91,16.55,39.5131,68.0531,RU
258,Nouadhibou,64.15,77,35,16.73,-17.0347,20.931,MR
259,Turan,87.78,70,20,6.91,108.2208,16.0678,VN
260,Bathsheba,77.61,69,20,16.11,-59.5167,13.2167,BB
261,Garachiné,78.6,81,37,4.45,-78.3628,8.0647,PA
262,Pokhara,84.6,24,0,2.93,83.9833,28.2333,NP
263,Duvan,42.04,70,32,4.41,57.9024,55.695,RU
264,Hasaki,66.6,90,100,18.12,140.8333,35.7333,JP
265,Calabozo,85.23,44,95,8.77,-67.4293,8.9242,VE
266,Mishkino,39.04,44,29,8.05,63.9175,55.3389,RU
267,Betsiamites,34.2,66,1,11.79,-68.646,48.9413,CA
268,Anloga,81.41,86,94,11.05,0.8973,5.7947,GH
269,Walvis Bay,55.09,86,0,13.8,14.5053,-22.9575,NA
270,Sørland,41.43,84,100,10.67,12.6934,67.667,NO
271,Pathalgaon,96.06,15,43,7.4,83.4667,22.5667,IN
272,Dingle,88.65,60,80,11.05,122.6711,10.9995,PH
273,Hostotipaquillo,67.59,36,0,5.44,-104.0667,21.0667,MX
274,Zverinogolovskoye,39.11,40,22,8.52,64.8542,54.4586,RU
275,Syamzha,33.96,88,99,4.97,41.0614,60.0158,RU
276,Tyubuk,39.81,58,99,9.62,60.9405,56.0552,RU
277,Khani,56.77,67,0,7.09,42.9566,41.9563,GE
278,Derzhavīnsk,37.09,47,100,20.49,66.3167,51.1,KZ
279,Muroto-misakicho,64.0,90,100,16.62,134.15,33.2833,JP
280,Severnoye,28.81,64,77,8.99,78.3619,56.3491,RU
281,Alugan,81.25,82,99,9.1,125.4808,12.2188,PH
282,Bilgrām,95.16,11,0,9.89,80.0333,27.1833,IN
283,Panshi,61.05,30,100,9.26,126.0561,42.9422,CN
284,Pasvalys,43.93,94,100,12.19,24.4036,56.0594,LT
285,Ambovombe,72.09,91,100,5.95,46.0833,-25.1667,MG
286,Xiongzhou,85.69,63,18,6.33,114.3,25.1167,CN
287,Acandí,76.01,90,52,2.35,-77.2778,8.5063,CO
288,Katsuura,63.01,91,100,4.92,140.3,35.1333,JP
289,Buseresere,63.36,98,100,3.2,31.8747,-3.0236,TZ
290,Chudovo,38.34,88,100,9.84,31.6833,59.1167,RU
291,Belfast,45.37,92,0,18.41,-5.9333,54.5833,GB
292,Kuna,54.16,39,0,10.36,-116.4201,43.4918,US
293,Severo-Yeniseyskiy,24.82,89,100,5.1,93.0408,60.3725,RU
294,Zheleznodorozhnyy,48.42,81,100,5.06,38.0042,55.7503,RU
295,Tolaga Bay,62.53,58,1,7.45,178.3,-38.3667,NZ
296,Rafaela,54.99,58,0,1.99,-61.4867,-31.2503,AR
297,Pañgobilian,86.41,71,83,7.56,117.8594,8.8011,PH
298,Kribi,76.68,89,100,2.35,9.9167,2.95,CM
299,Okha,29.37,80,100,12.95,142.9478,53.5739,RU
300,Chicago,75.38,54,75,16.11,-87.65,41.85,US
301,Kolondiéba,80.02,65,88,3.98,-6.8926,11.0882,ML
302,Jizan,81.54,55,8,4.0,42.6667,17.3333,SA
303,Ust-Kuyga,14.5,83,81,4.56,135.6,70.0167,RU
304,Tura,82.0,70,13,6.8,90.2201,25.5198,IN
305,Constitución,57.15,90,100,5.32,-72.4167,-35.3333,CL
306,Jaguaribe,71.2,97,100,0.72,-38.6219,-5.8906,BR
307,Kitui,64.11,98,100,1.43,38.0106,-1.367,KE
308,Hastings,51.3,78,100,16.06,0.5729,50.8552,GB
309,Mahébourg,76.24,73,40,13.8,57.7,-20.4081,MU
310,Horsham,51.53,80,0,9.22,-0.3272,51.064,GB
311,Marabu,87.94,79,40,6.91,114.0089,4.4148,MY
312,Bryan,75.09,72,100,14.97,-96.37,30.6744,US
313,Havøysund,39.43,94,100,24.56,24.6622,70.9963,NO
314,Faanui,79.38,77,83,6.62,-151.75,-16.4833,PF
315,Eidsvåg,43.45,72,38,6.64,8.0668,62.7767,NO
316,Talnakh,1.2,94,56,3.53,88.3972,69.4865,RU
317,Bakchar,29.08,70,100,7.07,82.0711,57.0186,RU
318,Flinders,71.19,71,27,5.01,150.8552,-34.5833,AU
319,Boa Vista,82.38,69,20,8.05,-60.6733,2.8197,BR
320,Caxito,72.1,99,100,3.18,13.6643,-8.5785,AO
321,Klaksvík,43.72,83,98,20.69,-6.589,62.2266,FO
322,Nantucket,53.65,79,20,10.36,-70.0995,41.2835,US
323,Port Augusta,77.34,43,100,9.44,137.7667,-32.5,AU
324,Paita,68.45,84,31,10.74,-81.1144,-5.0892,PE
325,Latung,82.54,74,18,2.3,120.8833,5.5,PH
326,Mount Juliet,72.52,55,40,9.22,-86.5186,36.2001,US
327,Leningradskiy,26.11,88,100,3.89,178.4167,69.3833,RU
328,Touros,76.05,91,100,7.81,-35.4608,-5.1989,BR
329,Nyakahanga,57.43,96,100,2.15,31.1414,-1.6033,TZ
330,Lom Sak,94.21,55,20,2.3,101.2422,16.7798,TH
331,Korsakov,42.64,72,94,18.84,142.7813,46.6328,RU
332,Champerico,81.99,70,57,7.9,-91.9167,14.3,GT
333,Winslow,57.38,13,0,10.36,-110.6974,35.0242,US
334,Izhmorskiy,29.12,48,69,6.8,86.6414,56.194,RU
335,Balkanabat,64.76,54,3,3.13,54.3671,39.5108,TM
336,Kidal,79.3,9,4,10.04,1.4078,18.4411,ML
337,Yeppoon,74.98,75,71,25.21,150.7333,-23.1333,AU
338,Sinop Province,54.75,63,6,4.74,34.8709,41.7711,TR
339,Najrān,68.65,27,1,1.32,44.1277,17.4924,SA
340,Mombetsu,57.22,38,0,3.44,143.3525,44.3525,JP
341,Araouane,75.2,13,6,10.56,-3.5265,18.9048,ML
342,Novoil'insk,39.54,18,1,10.47,108.7143,51.6829,RU
343,Vysokogornyy,33.71,97,99,4.99,139.15,50.1167,RU
344,Esperance,67.28,58,9,6.04,121.9,-33.8667,AU
345,Galle,83.14,75,31,6.31,80.217,6.0367,LK
346,Nhulunbuy,90.21,58,40,6.91,136.7667,-12.2333,AU
347,La Santisima Trinidad,75.34,87,43,3.56,-64.9,-14.8333,BO
348,Pilar,75.13,95,22,0.83,-35.9567,-9.5972,BR
349,Maïné Soroa,85.71,15,100,5.88,12.0241,13.2114,NE
350,Arinos,72.46,64,24,1.95,-46.1056,-15.9169,BR
351,Sousse,60.58,77,0,5.75,10.637,35.8254,TN
352,Atar,72.9,30,1,7.7,-13.0499,20.5169,MR
353,Coahuayana Viejo,70.97,83,0,1.41,-103.6833,18.7333,MX
354,Bulgan,39.33,44,52,8.43,103.5347,48.8125,MN
355,Pisco,64.45,94,0,3.44,-76.2167,-13.7,PE
356,Port-Gentil,80.55,82,100,7.67,8.7815,-0.7193,GA
357,Dargaville,64.74,69,62,16.04,173.8833,-35.9333,NZ
358,Bam,77.43,23,3,4.79,58.357,29.106,IR
359,Valjevo,52.79,85,68,7.7,19.8982,44.2751,RS
360,Pangnirtung,4.77,74,15,7.83,-65.7125,66.1451,CA
361,Mogadishu,82.74,74,46,11.5,45.3438,2.0371,SO
362,Ponta do Sol,61.72,67,49,2.48,-17.1,32.6667,PT
363,Sakaiminato,71.53,64,75,4.61,133.2333,35.55,JP
364,Kefamenanu,84.09,50,99,4.99,124.4781,-9.4467,ID
365,Poum,77.94,71,57,8.5,164.0167,-20.2333,NC
366,Sistranda,39.16,82,53,16.67,8.834,63.7256,NO
367,Tuensang,79.27,46,11,4.16,94.8333,26.2833,IN
368,Kahului,80.62,71,40,23.02,-156.47,20.8947,US
369,Río Gallegos,42.85,93,100,1.14,-69.2181,-51.6226,AR
370,Włoszczowa,45.66,89,3,3.15,19.9659,50.8526,PL
371,Port Lincoln,67.86,72,98,17.6,135.8667,-34.7333,AU
372,Algiers,51.62,66,20,6.91,3.042,36.7525,DZ
373,Fukuechō,73.76,68,40,14.97,128.8419,32.6881,JP
374,Lebu,55.08,86,69,15.32,-73.65,-37.6167,CL
375,Nanortalik,34.93,99,100,6.71,-45.2371,60.1432,GL
376,Vilhena,71.82,94,0,5.75,-60.1458,-12.7406,BR
377,Ruyigi Province,58.84,98,100,2.91,30.3167,-3.45,BI
378,Shelburne,42.24,73,16,14.34,-80.2041,44.0787,CA
379,Abu Dhabi,77.97,87,0,3.44,54.3667,24.4667,AE
380,Darhan,42.12,28,37,6.64,105.9228,49.4867,MN
381,Sept-Îles,34.32,62,0,8.05,-66.3821,50.2001,CA
382,Batabanó,74.01,76,100,16.96,-82.2881,22.7164,CU
383,Auki,83.66,71,95,2.42,160.7034,-8.7676,SB
384,El Tigre,78.21,56,29,12.55,-64.2454,8.8875,VE
385,Puerto Escondido,83.23,69,40,5.75,-97.0667,15.85,MX
386,Luanda,75.42,90,100,5.14,13.2343,-8.8368,AO
387,Tha Bo,91.29,79,40,2.3,102.5814,17.85,TH
388,Aizkraukle,44.53,92,100,9.8,25.2553,56.6048,LV
389,Sorong,86.68,64,83,3.18,131.25,-0.8833,ID
390,Bengkulu,77.95,83,100,2.33,102.2655,-3.8004,ID
391,Topola,42.08,87,38,7.31,20.6825,44.2542,RS
392,Egvekinot,23.7,84,100,2.3,-179.1667,66.3167,RU
393,Tigzirt,56.97,60,0,6.53,4.1198,36.8886,DZ
394,Ancud,52.23,88,100,27.58,-73.8203,-41.8697,CL
395,Talcahuano,55.08,100,100,12.66,-73.1167,-36.7167,CL
396,Datong,72.32,14,89,13.0,113.2914,40.0936,CN
397,Petropavlovsk-Kamchatskiy,43.39,61,75,11.18,158.6483,53.0452,RU
398,Deputatsky,12.79,86,100,3.71,139.9,69.3,RU
399,Olinda,78.53,89,20,5.75,-34.8553,-8.0089,BR
400,Kuznechikha,44.73,80,100,3.06,42.3348,57.2161,RU
401,Makkah al Mukarramah,78.62,58,6,4.0,39.8261,21.4267,SA
402,Raja,75.85,64,100,4.61,25.678,8.4596,SS
403,San Quintín,59.16,77,0,9.35,-115.95,30.4833,MX
404,Sitka,49.89,53,75,13.8,-135.33,57.0531,US
405,Bayan,55.45,25,35,13.73,127.4,46.0833,CN
406,Qidong,66.74,84,39,12.17,121.6561,31.8128,CN
407,Seymchan,26.98,72,100,10.09,152.4333,62.8833,RU
408,Enköping,39.94,88,88,9.46,17.0777,59.6361,SE
409,Porto-Novo,82.22,86,100,5.35,2.6036,6.4965,BJ
410,Kendari,88.84,59,57,3.65,122.4989,-3.945,ID
411,Viişoara,47.97,100,75,2.3,23.9167,46.55,RO
412,Port-Cartier,34.02,74,6,11.39,-66.8654,50.0334,CA
413,Hua Hin,91.99,62,20,6.91,99.9588,12.5707,TH
414,Talara,67.46,90,36,11.25,-81.2719,-4.5772,PE
415,Shingū,61.66,97,100,9.8,135.9833,33.7333,JP
416,Grand Gaube,76.37,68,99,5.99,57.6608,-20.0064,MU
417,Tromsø,39.22,81,100,9.22,18.957,69.6496,NO
418,Bubaque,76.39,77,25,10.47,-15.8333,11.2833,GW
419,Along,67.23,98,100,1.97,94.7667,28.1667,IN
420,Druzhba,47.7,94,100,12.64,33.9453,52.0428,UA
421,Kutum,73.08,12,4,6.04,24.6667,14.2,SD
422,Panama City,79.29,88,40,10.36,-79.5197,8.9936,PA
423,Solnechnyy,31.68,96,100,7.99,136.6319,50.7214,RU
424,Fairbanks,53.56,31,40,4.61,-147.7164,64.8378,US
425,Lubuk Pakam,86.14,64,59,0.69,98.8767,3.5604,ID
426,San José el Alto,67.86,45,75,0.0,-100.3667,20.65,MX
427,Awjilah,62.64,62,0,10.16,21.2869,29.1081,LY
428,Mount Isa,80.37,61,100,9.22,139.5,-20.7333,AU
429,Kavieng,84.99,66,57,10.54,150.7967,-2.5744,PG
430,Aswān,72.9,13,0,7.56,32.907,24.0934,EG
431,Avilés,54.79,66,100,11.5,-5.9248,43.5547,ES
432,Ban Tak,93.54,42,7,5.93,99.0813,17.0432,TH
433,Nakatsu,72.18,93,100,5.06,131.1883,33.5981,JP
434,São João da Barra,76.39,74,5,7.07,-41.0511,-21.6403,BR
435,Prince George,53.04,40,75,3.44,-122.753,53.9166,CA
436,Lodja,69.35,99,99,2.17,23.4333,-3.4833,CD
437,Ejura,75.42,90,77,5.14,-1.3562,7.3856,GH
438,Muhafazat Lahij,73.44,78,2,3.31,44.5833,13.1667,YE
439,Puerto Nariño,75.99,92,100,2.57,-70.3831,-3.7703,CO
440,Malaṅgawā,88.21,42,0,9.6,85.5581,26.8568,NP
441,Bell Ville,61.66,56,0,13.49,-62.6887,-32.6259,AR
442,Palestine,62.94,73,99,0.4,35.2033,31.9216,PS
443,Abnūb,66.33,34,7,5.39,31.1511,27.2696,EG
444,Maniitsoq,31.39,99,100,15.82,-52.9,65.4167,GL
445,Safranbolu,52.68,66,0,0.83,32.6942,41.2508,TR
446,Hong Kong,86.05,88,47,5.01,114.1577,22.2855,HK
447,Beşikdüzü,53.49,58,0,5.46,39.2284,41.052,TR
448,Starozhilovo,45.27,81,91,5.53,39.916,54.2254,RU
449,Luorong,81.88,73,83,10.22,109.6086,24.4058,CN
450,Lesnoy,38.23,55,77,9.13,63.0784,57.6198,RU
451,Sarangani,82.96,73,82,8.03,125.4636,5.4033,PH
452,Pensacola,71.82,88,0,5.99,-87.2169,30.4213,US
453,Shirgaon,85.15,59,95,3.13,72.7,19.7,IN
454,Alta Floresta,72.0,96,100,1.57,-56.0861,-9.8756,BR
455,Mujiayingzi,63.07,18,93,5.28,118.7833,42.1167,CN
456,Broken Hill,74.7,40,97,15.68,141.4333,-31.95,AU
457,Yendi,82.35,60,95,6.67,-0.0099,9.4427,GH
458,Celestún,78.73,77,2,16.31,-90.4,20.8667,MX
459,Humaitá,73.63,99,100,0.16,-63.0208,-7.5061,BR
460,Rio Branco,74.01,100,0,3.44,-67.81,-9.9747,BR
461,The Valley,77.09,68,96,16.13,-63.0578,18.217,AI
462,Sawākin,80.8,87,0,5.82,37.3321,19.1059,SD
463,Evensk,29.01,73,96,24.63,159.2333,61.95,RU
464,Gijang,76.73,70,63,7.05,129.2139,35.2442,KR
465,Mercedes,57.04,68,86,15.32,-59.4307,-34.6515,AR
466,Guerrero Negro,59.38,78,0,17.31,-114.0611,27.9769,MX
467,Atambua,85.05,50,78,0.69,124.8925,-9.1061,ID
468,La Ronge,41.22,48,20,0.0,-105.2842,55.1001,CA
469,Maceió,76.44,88,75,2.3,-35.7353,-9.6658,BR
470,Wagar,83.95,5,1,9.15,36.2032,16.1525,SD
471,Matagami,35.71,35,100,5.75,-77.6328,49.7502,CA
472,Port Hedland,91.45,18,0,14.97,118.5667,-20.3167,AU
473,Znamenskoye,29.55,66,60,4.52,73.8282,57.1281,RU
474,Mīnāb,81.54,47,5,1.81,57.0801,27.1467,IR
475,Namatanai,85.41,61,82,7.0,152.4333,-3.6667,PG
476,Nizhnyaya Tura,39.34,68,84,2.82,59.8118,58.6293,RU
477,Jacksonville,71.6,80,0,5.75,-81.6556,30.3322,US
478,Chaoyang,70.97,16,87,7.67,120.4586,41.5703,CN
479,Reconquista,54.88,80,0,7.31,-59.65,-29.15,AR
480,Prachuap Khiri Khan,88.68,41,61,1.83,99.75,12.2167,TH
481,Rocha,53.91,67,0,8.86,-54.3333,-34.4833,UY
482,Namangan,68.45,52,100,6.91,71.6726,40.9983,UZ
483,Banda Aceh,85.96,68,97,6.33,95.3222,5.5577,ID
484,Beyneu,52.97,70,8,8.86,55.2,45.3167,KZ
485,Kiryat Gat,71.4,100,66,4.94,34.7642,31.61,IL
486,Dangara,90.07,16,0,3.44,75.8931,29.6799,IN
487,Kumul,73.76,16,6,10.09,93.45,42.8,CN
488,Tamiahua,75.6,93,0,8.81,-97.45,21.2667,MX
489,Iquique,60.84,78,45,1.61,-70.1431,-20.2208,CL
490,Placerville,61.83,57,0,1.01,-120.7986,38.7296,US
491,Cârlibaba,36.9,98,91,4.0,25.1333,47.5833,RO
492,Lingao,86.36,61,5,3.98,109.6859,19.9103,CN
493,Lavrentiya,30.63,77,100,1.63,-171.0,65.5833,RU
494,Kharan,81.27,23,1,3.42,65.4167,28.5833,PK
495,Marand,57.76,51,47,3.24,45.7749,38.4329,IR
496,Cañon City,54.39,27,0,18.01,-105.2424,38.441,US
497,Morón,60.78,77,73,10.96,-58.6198,-34.6534,AR
498,Ürümqi,63.55,32,0,8.95,87.6005,43.801,CN
499,Temir,41.56,87,100,14.25,57.13,49.1414,KZ
500,Kismayo,82.45,77,84,12.57,42.5454,-0.3582,SO
501,Vardø,37.62,97,100,11.45,31.1107,70.3705,NO
502,Dukat,18.93,83,100,6.06,155.55,62.55,RU
503,Diré,89.83,13,93,2.24,-10.9667,12.2833,ML
504,Haines Junction,44.55,49,100,1.14,-137.5108,60.7522,CA
505,Buchanan,79.59,86,96,2.95,-10.0467,5.8808,LR
506,Sinjār,66.83,29,100,3.38,41.8754,36.3209,IQ
507,Birjand,61.27,48,20,4.61,59.2211,32.8663,IR
508,Sola,83.07,84,100,2.3,167.55,-13.8833,VU
509,Emerald,72.34,64,99,19.08,148.1667,-23.5333,AU
510,Taunggyi,82.42,39,7,5.21,97.0333,20.7833,MM
511,Kisangani,69.58,100,67,1.39,25.2,0.5167,CD
512,Sambava,75.09,91,98,7.78,50.1667,-14.2667,MG
513,Kasongo-Lunda,69.57,99,100,1.81,16.8167,-6.4667,CD
514,Ndélé,73.98,77,100,4.54,20.6473,8.4109,CF
515,Sidi Ali,51.84,76,0,7.87,0.4206,36.0998,DZ
516,Kruisfontein,57.88,91,46,9.82,24.7314,-34.0033,ZA
517,Oranjemund,53.91,78,42,13.24,16.4333,-28.55,NA
518,Prince Rupert,44.69,81,100,29.93,-130.3201,54.3161,CA
519,Taoudenni,74.21,18,8,9.04,-3.9836,22.6783,ML
520,Ocote Paulino,71.29,95,16,1.59,-87.6,15.4167,HN
521,Tchibanga,71.67,98,100,0.67,11.0333,-2.85,GA
522,Alyangula,80.47,89,100,10.36,136.4192,-13.8483,AU
523,Sioux Lookout,37.47,93,100,10.36,-91.917,50.1001,CA
524,Ouro Sogui,86.0,28,0,2.3,-13.3211,15.6064,SN
525,Suez,61.39,68,0,8.46,32.5263,29.9737,EG
526,Marawi,82.31,59,20,4.0,124.2928,7.9986,PH
527,Atikokan,40.68,99,100,11.03,-91.6216,48.7555,CA
528,Huaquillas,73.63,88,40,5.75,-80.2333,-3.4833,EC
529,Plettenberg Bay,58.68,85,57,8.25,23.3716,-34.0527,ZA
530,Masumbwe,64.99,95,100,3.04,32.1833,-3.6333,TZ
531,Saint-Pierre,73.9,65,20,8.05,55.4781,-21.3393,RE
532,Luba,77.09,92,100,6.38,8.5547,3.4568,GQ
533,Port Shepstone,66.58,83,8,6.17,30.455,-30.7414,ZA
534,Sonāri,69.85,77,45,3.87,95.0333,27.0667,IN
535,Santiago del Estero,68.5,75,68,8.63,-64.2615,-27.7951,AR
536,Wuning,80.2,67,29,1.07,120.2311,29.2589,CN
537,Taltal,60.21,88,22,0.92,-70.4833,-25.4,CL
538,Sault Ste. Marie,44.89,74,0,12.66,-84.3333,46.5168,CA
539,Ipixuna,72.16,97,100,3.24,-48.8043,-1.7625,BR
540,Bar Harbor,42.98,32,0,8.99,-68.2039,44.3876,US
541,Shahreza,60.49,26,65,2.44,51.8794,32.0339,IR
542,Jalostotitlán,74.19,14,45,8.97,-102.4667,21.2,MX
543,Antalaha,74.55,92,98,5.55,50.2788,-14.9003,MG
544,Atbasar,33.93,36,98,16.33,68.3333,51.8,KZ
545,Bandarbeyla,81.84,71,47,5.88,50.8122,9.4942,SO
546,Jasper,73.45,56,20,20.71,-94.3502,37.2001,US
547,Fare,79.59,78,98,8.55,-151.0167,-16.7,PF
548,São Borja,53.85,78,0,7.23,-56.0044,-28.6606,BR
549,Praia,75.74,43,0,19.57,-23.5087,14.9215,CV
550,Bayangol,36.59,39,100,3.71,103.4656,50.6977,RU
551,Eucaliptus,46.47,73,6,4.97,-67.5167,-17.5833,BO
552,Jalu,63.52,57,0,9.44,21.5482,29.0331,LY
553,Sittwe,87.03,68,97,8.95,92.9,20.15,MM
554,Timmins,40.82,38,100,16.11,-81.3331,48.4669,CA
555,Verkhnetulomskiy,35.73,89,99,3.47,31.7962,68.6073,RU
556,Kéfalos,61.02,72,0,6.91,26.9589,36.7453,GR
557,Kirovskiy,56.95,40,40,16.49,133.5136,45.0917,RU
558,Lata,46.08,95,12,2.24,-8.3327,40.1629,PT
559,Tarrafal,75.99,80,2,14.81,-23.7667,15.2833,CV
560,Nizhniy Kuranakh,34.97,58,95,2.84,125.4869,58.8353,RU
561,Gobabis,58.17,44,8,4.85,18.9667,-22.45,NA
562,Kedrovyy,27.01,51,69,6.91,91.8167,56.1667,RU
563,Magway,93.2,46,16,3.71,94.9167,20.15,MM
564,Yulara,76.84,36,2,13.8,130.9889,-25.2406,AU
565,San Vicente,53.17,93,0,2.66,-54.1333,-26.6167,AR
566,Lazi,42.03,97,90,2.73,24.2333,48.0667,UA
567,Kaspiysk,46.58,87,3,8.95,47.6392,42.8816,RU
568,Zhangaözen,52.47,51,0,5.53,52.8,43.3,KZ
569,Nishihara,78.85,71,100,18.41,127.7558,26.1842,JP
570,Vitim,34.5,72,100,3.22,112.5578,59.4511,RU
571,Chemin Grenier,74.79,67,89,13.51,57.4656,-20.4872,MU
572,Carutapera,73.17,96,98,4.14,-46.02,-1.195,BR
573,Inuvik,41.86,38,0,4.61,-133.7218,68.3499,CA
574,Shimoda,64.76,95,100,11.72,138.95,34.6667,JP
575,Akureyri,31.93,93,20,0.0,-18.0878,65.6835,IS
576,Garhwa,96.21,13,2,3.74,83.8167,24.1833,IN
577,Gorkovskiy,49.42,68,49,10.83,41.199,45.6542,RU
578,Igarka,11.61,89,85,6.26,86.5833,67.4667,RU
579,Dudinka,1.62,96,98,2.89,86.1778,69.4058,RU
580,Teya,28.18,88,100,4.05,92.6267,60.3778,RU
581,Lagoa,57.43,68,5,24.05,-27.9833,39.05,PT
582,Yerbogachën,31.41,60,100,3.69,108.0108,61.2767,RU
583,Gorin,32.38,99,100,9.1,136.6669,51.1983,RU
584,Province of Mantua,54.55,84,56,3.0,10.7833,45.1667,IT
585,Honiara,87.12,63,57,4.32,159.95,-9.4333,SB
586,Broome,54.63,67,100,5.75,-75.833,42.2506,US
587,Krasnosel'kup,9.27,91,98,7.87,82.4667,65.7,RU
588,Inta,17.47,85,100,3.42,60.1659,66.0317,RU
589,Udachny,21.45,67,99,4.05,112.4,66.4167,RU
590,Mitú,77.41,82,100,1.86,-70.1733,1.1983,CO
591,Lubango,56.16,59,37,1.63,13.4925,-14.9172,AO
592,Ust'-Omchug,24.13,71,100,6.55,149.6333,61.15,RU
